{
  "sticker": {},
  "database": {},
  "game": {},
  "others": {},
  "users": {
    "120363364718311555@newsletter": {
      "status_deposit": false
    },
    "62895375950107@s.whatsapp.net": {
      "status_deposit": false
    },
    "120363282401625654@newsletter": {
      "status_deposit": false
    },
    "120363267733189530@newsletter": {
      "status_deposit": false
    },
    "120363186130999681@newsletter": {
      "status_deposit": false
    },
    "6285923627785@s.whatsapp.net": {
      "status_deposit": false
    },
    "120363297314470847@newsletter": {
      "status_deposit": false
    },
    "120363364330631981@newsletter": {
      "status_deposit": false
    },
    "6283865110016@s.whatsapp.net": {
      "status_deposit": false
    },
    "120363322599104538@newsletter": {
      "status_deposit": false
    },
    "120363373283469585@newsletter": {
      "status_deposit": false
    },
    "120363280576631666@newsletter": {
      "status_deposit": false
    },
    "120363318498252170@newsletter": {
      "status_deposit": false
    },
    "120363314209665405@newsletter": {
      "status_deposit": false
    },
    "120363323868732166@newsletter": {
      "status_deposit": false
    },
    "6282315801001@s.whatsapp.net": {
      "status_deposit": false
    },
    "6282143985744@s.whatsapp.net": {
      "status_deposit": false
    }
  },
  "chats": {},
  "groups": {
    "120363289034961951@g.us": {
      "antilink": false,
      "welcome": false,
      "mute": false,
      "antitoxic": false
    }
  },
  "settings": {
    "autoread": false,
    "readsw": false
  },
  "anonymous": {}
}